status	sha16	basename	relpath	broken	fixed
FIXED	16339c721169d6de	_SPEC_DATA_ONE.big	patch/Release/SPECTER_AAB_AIRCRAFT_IDENTITY_PLAYABLE/_SPEC_DATA_ONE.big	0	1
FIXED	16339c721169d6de	_SPEC_DATA_ONE.big	patch/Release/SPECTER_AAB_GLOBAL_STRATEGIC_PLAYABLE/_SPEC_DATA_ONE.big	0	1
FIXED	16339c721169d6de	_SPEC_DATA_ONE.big	patch/Release/SPECTER_AIRFORCE_EXPANSION_IRAQ_FIX_PLAYABLE/_SPEC_DATA_ONE.big	0	1
OTHER	d7128187fe7be807	_SPEC_DATA_ONE.big	patch/Release/SPECTER_AIRFORCE_EXPANSION_PLAYABLE/_SPEC_DATA_ONE.big	1	0
FIXED	16339c721169d6de	_SPEC_DATA_ONE.big	patch/Release/SPECTER_B2_B52_BOMBER_PLAYABLE/_SPEC_DATA_ONE.big	0	1
BROKEN	5ee7d870b9bdd0b2	_SPEC_DATA_ONE.big	patch/Release/SPECTER_BIG_MERGE/_SPEC_DATA_ONE.big	1	0
BROKEN	5ee7d870b9bdd0b2	_SPEC_DATA_ONE.big	patch/Release/SPECTER_BIG_MERGE_PLAYABLE/_SPEC_DATA_ONE.big	1	0
BROKEN	5ee7d870b9bdd0b2	_SPEC_DATA_ONE.big	patch/Release/SPECTER_BIG_MERGE_PLAYABLE_REPAIRED/_SPEC_DATA_ONE.big	1	0
FIXED	16339c721169d6de	_SPEC_DATA_ONE.big	patch/Release/SPECTER_BRITAIN_COMBATDRONE_FIX/_SPEC_DATA_ONE.big	0	1
BROKEN	5ee7d870b9bdd0b2	_SPEC_DATA_ONE.big	patch/Release/SPECTER_BRITAIN_F35B_SAUDI_DRONE_PLAYABLE/_SPEC_DATA_ONE.big	1	0
BROKEN	5ee7d870b9bdd0b2	_SPEC_DATA_ONE.big	patch/Release/SPECTER_COMMANDCENTER_USA_PLAYABLE/_SPEC_DATA_ONE.big	1	0
BROKEN	5ee7d870b9bdd0b2	_SPEC_DATA_ONE.big	patch/Release/SPECTER_DATA_ONE_FINAL_EGYPT_FIXED/_SPEC_DATA_ONE.big	1	0
FIXED	16339c721169d6de	_SPEC_DATA_ONE.big	patch/Release/SPECTER_EGYPT_COMMANDCENTER_FIX/_SPEC_DATA_ONE.big	0	1
FIXED	16339c721169d6de	_SPEC_DATA_ONE.big	patch/Release/SPECTER_EGYPT_COMMANDCENTER_PLAYABLE/_SPEC_DATA_ONE.big	0	1
FIXED	16339c721169d6de	_SPEC_DATA_ONE.big	patch/Release/SPECTER_EGYPT_MHQ_PLAYABLE/_SPEC_DATA_ONE.big	0	1
FIXED	16339c721169d6de	_SPEC_DATA_ONE.big	patch/Release/SPECTER_EGYPT_MILITARYHQ_FIX/_SPEC_DATA_ONE.big	0	1
FIXED	16339c721169d6de	_SPEC_DATA_ONE.big	patch/Release/SPECTER_EGYPT_ROOT_CAUSE_FIXED/_SPEC_DATA_ONE.big	0	1
BROKEN	5ee7d870b9bdd0b2	_SPEC_DATA_ONE.big	patch/Release/SPECTER_FINAL_EGYPT_BRITAIN_FIXED/_SPEC_DATA_ONE.big	1	0
OTHER	d7128187fe7be807	_SPEC_DATA_ONE.big	patch/Release/SPECTER_FINAL_PLAYABLE_BUILD/_SPEC_DATA_ONE.big	1	0
FIXED	16339c721169d6de	_SPEC_DATA_ONE.big	patch/Release/SPECTER_FRANCE_COMBATDRONE_PLAYABLE/_SPEC_DATA_ONE.big	0	1
FIXED	16339c721169d6de	_SPEC_DATA_ONE.big	patch/Release/SPECTER_FULL_MERGED_FIXED/_SPEC_DATA_ONE.big	0	1
FIXED	16339c721169d6de	_SPEC_DATA_ONE.big	patch/Release/SPECTER_GERMANY_COMBATDRONE_PLAYABLE/_SPEC_DATA_ONE.big	0	1
FIXED	16339c721169d6de	_SPEC_DATA_ONE.big	patch/Release/SPECTER_INDIA_CC_FIX_PLAYABLE/_SPEC_DATA_ONE.big	0	1
FIXED	16339c721169d6de	_SPEC_DATA_ONE.big	patch/Release/SPECTER_INDIA_MHQ_FIX_PLAYABLE/_SPEC_DATA_ONE.big	0	1
FIXED	16339c721169d6de	_SPEC_DATA_ONE.big	patch/Release/SPECTER_INDIA_TEJAS_MK2_FIX_PLAYABLE/_SPEC_DATA_ONE.big	0	1
FIXED	16339c721169d6de	_SPEC_DATA_ONE.big	patch/Release/SPECTER_ISRAEL_CC_FINAL_FIX/_SPEC_DATA_ONE.big	0	1
FIXED	16339c721169d6de	_SPEC_DATA_ONE.big	patch/Release/SPECTER_ISRAEL_CC_FIX_PLAYABLE/_SPEC_DATA_ONE.big	0	1
FIXED	16339c721169d6de	_SPEC_DATA_ONE.big	patch/Release/SPECTER_ISRAEL_MHQ_FIX_PLAYABLE/_SPEC_DATA_ONE.big	0	1
FIXED	16339c721169d6de	_SPEC_DATA_ONE.big	patch/Release/SPECTER_JAPAN_MQ9_FIX_PLAYABLE/_SPEC_DATA_ONE.big	0	1
FIXED	16339c721169d6de	_SPEC_DATA_ONE.big	patch/Release/SPECTER_LIBYA_CC_FINAL_FIX/_SPEC_DATA_ONE.big	0	1
FIXED	16339c721169d6de	_SPEC_DATA_ONE.big	patch/Release/SPECTER_LIBYA_CC_FIX_PLAYABLE/_SPEC_DATA_ONE.big	0	1
FIXED	16339c721169d6de	_SPEC_DATA_ONE.big	patch/Release/SPECTER_LIBYA_MHQ_FIX_PLAYABLE/_SPEC_DATA_ONE.big	0	1
OTHER	d7128187fe7be807	_SPEC_DATA_ONE.big	patch/Release/SPECTER_MAIN_PLAYABLE_REBUILD/_SPEC_DATA_ONE.big	1	0
FIXED	16339c721169d6de	_SPEC_DATA_ONE.big	patch/Release/SPECTER_MILITARYHQ_STOCKFACTIONS_PLAYABLE/_SPEC_DATA_ONE.big	0	1
OTHER	d7128187fe7be807	_SPEC_DATA_ONE.big	patch/Release/SPECTER_MILITARYHQ_USA_PLAYABLE/_SPEC_DATA_ONE.big	1	0
OTHER	d7128187fe7be807	_SPEC_DATA_ONE.big	patch/Release/SPECTER_MULTI_UNIT_INI_PLAYABLE/_SPEC_DATA_ONE.big	1	0
FIXED	16339c721169d6de	_SPEC_DATA_ONE.big	patch/Release/SPECTER_PAKISTAN_CC_FINAL_FIX/_SPEC_DATA_ONE.big	0	1
FIXED	16339c721169d6de	_SPEC_DATA_ONE.big	patch/Release/SPECTER_PAKISTAN_CC_FIX_PLAYABLE/_SPEC_DATA_ONE.big	0	1
FIXED	16339c721169d6de	_SPEC_DATA_ONE.big	patch/Release/SPECTER_RUSSIA_TORM_FIX_PLAYABLE/_SPEC_DATA_ONE.big	0	1
FIXED	16339c721169d6de	_SPEC_DATA_ONE.big	patch/Release/SPECTER_SAUDIARABIA_CC_FINAL_FIX/_SPEC_DATA_ONE.big	0	1
FIXED	16339c721169d6de	_SPEC_DATA_ONE.big	patch/Release/SPECTER_SAUDIARABIA_CC_FIX_PLAYABLE/_SPEC_DATA_ONE.big	0	1
BROKEN	5ee7d870b9bdd0b2	_SPEC_DATA_ONE.big	patch/Release/SPECTER_SEVEN_COUNTRY_DRONES_PLAYABLE/_SPEC_DATA_ONE.big	1	0
FIXED	16339c721169d6de	_SPEC_DATA_ONE.big	patch/Release/SPECTER_SOUTHAFRICA_CC_FINAL_FIX/_SPEC_DATA_ONE.big	0	1
FIXED	16339c721169d6de	_SPEC_DATA_ONE.big	patch/Release/SPECTER_SOUTHAFRICA_CC_FIX_PLAYABLE/_SPEC_DATA_ONE.big	0	1
FIXED	16339c721169d6de	_SPEC_DATA_ONE.big	patch/Release/SPECTER_SYRIA_CC_FINAL_FIX/_SPEC_DATA_ONE.big	0	1
FIXED	16339c721169d6de	_SPEC_DATA_ONE.big	patch/Release/SPECTER_SYRIA_CC_FIX_PLAYABLE/_SPEC_DATA_ONE.big	0	1
FIXED	16339c721169d6de	_SPEC_DATA_ONE.big	patch/Release/SPECTER_TURKEY_ABBAS_FIX_PLAYABLE/_SPEC_DATA_ONE.big	0	1
FIXED	16339c721169d6de	_SPEC_DATA_ONE.big	patch/Release/SPECTER_TURKEY_AIRBORNE_FIX_PLAYABLE/_SPEC_DATA_ONE.big	0	1
OTHER	d7128187fe7be807	_SPEC_DATA_ONE.big	patch/Release/SPECTER_TURKEY_AIRCRAFT_PLAYABLE/_SPEC_DATA_ONE.big	1	0
FIXED	16339c721169d6de	_SPEC_DATA_ONE.big	patch/Release/SPECTER_TURKEY_AKINCI_FIX_PLAYABLE/_SPEC_DATA_ONE.big	0	1
FIXED	16339c721169d6de	_SPEC_DATA_ONE.big	patch/Release/SPECTER_TURKEY_AWACS_FIX_PLAYABLE/_SPEC_DATA_ONE.big	0	1
FIXED	16339c721169d6de	_SPEC_DATA_ONE.big	patch/Release/SPECTER_TURKEY_BORA_FIX_PLAYABLE/_SPEC_DATA_ONE.big	0	1
FIXED	16339c721169d6de	_SPEC_DATA_ONE.big	patch/Release/SPECTER_TURKEY_CC_FINAL_FIX/_SPEC_DATA_ONE.big	0	1
FIXED	16339c721169d6de	_SPEC_DATA_ONE.big	patch/Release/SPECTER_TURKEY_CC_FIX_PLAYABLE/_SPEC_DATA_ONE.big	0	1
FIXED	16339c721169d6de	_SPEC_DATA_ONE.big	patch/Release/SPECTER_TURKEY_F16BLOCK70_FIX_PLAYABLE/_SPEC_DATA_ONE.big	0	1
FIXED	16339c721169d6de	_SPEC_DATA_ONE.big	patch/Release/SPECTER_TURKEY_KARRAR2_FIX_PLAYABLE/_SPEC_DATA_ONE.big	0	1
FIXED	16339c721169d6de	_SPEC_DATA_ONE.big	patch/Release/SPECTER_TURKEY_KIZILELMA_FIX_PLAYABLE/_SPEC_DATA_ONE.big	0	1
FIXED	16339c721169d6de	_SPEC_DATA_ONE.big	patch/Release/SPECTER_TURKEY_LAMIAA_FIX_PLAYABLE/_SPEC_DATA_ONE.big	0	1
FIXED	16339c721169d6de	_SPEC_DATA_ONE.big	patch/Release/SPECTER_TURKEY_MAROON_BERETS_FIX_PLAYABLE/_SPEC_DATA_ONE.big	0	1
FIXED	16339c721169d6de	_SPEC_DATA_ONE.big	patch/Release/SPECTER_TURKEY_SPECIALFORCES_FIX_PLAYABLE/_SPEC_DATA_ONE.big	0	1
FIXED	16339c721169d6de	_SPEC_DATA_ONE.big	patch/Release/SPECTER_TURKEY_TB2_FIX_PLAYABLE/_SPEC_DATA_ONE.big	0	1
FIXED	16339c721169d6de	_SPEC_DATA_ONE.big	patch/Release/SPECTER_TURKEY_TU22M3_FIX_PLAYABLE/_SPEC_DATA_ONE.big	0	1
FIXED	16339c721169d6de	_SPEC_DATA_ONE.big	patch/Release/SPECTER_UAE_CC_FINAL_FIX/_SPEC_DATA_ONE.big	0	1
FIXED	16339c721169d6de	_SPEC_DATA_ONE.big	patch/Release/SPECTER_UAE_CC_FIX_PLAYABLE/_SPEC_DATA_ONE.big	0	1
OTHER	d7128187fe7be807	_SPEC_DATA_ONE.big	patch/Release/SPECTER_UAE_JAPAN_MQ9_MHQ_PLAYABLE/_SPEC_DATA_ONE.big	1	0
FIXED	16339c721169d6de	_SPEC_DATA_ONE.big	patch/Release/SPECTER_UAE_MQ9_FIX_PLAYABLE/_SPEC_DATA_ONE.big	0	1
FIXED	16339c721169d6de	_SPEC_DATA_ONE.big	patch/Release/SPECTER_UKRAINE_CC_FINAL_FIX/_SPEC_DATA_ONE.big	0	1
FIXED	16339c721169d6de	_SPEC_DATA_ONE.big	patch/Release/SPECTER_UKRAINE_CC_FIX_PLAYABLE/_SPEC_DATA_ONE.big	0	1
FIXED	16339c721169d6de	_SPEC_DATA_ONE.big	patch/Release/SPECTER_ULTIMATE_EXPANSION_PLAYABLE/_SPEC_DATA_ONE.big	0	1
OTHER	d7128187fe7be807	_SPEC_DATA_ONE.big	patch/Release/SPECTER_ULTIMATE_FINAL_INSTALLER/_SPEC_DATA_ONE.big	1	0
OTHER	d7128187fe7be807	_SPEC_DATA_ONE.big	patch/Release/SPECTER_ULTIMATE_FIXED_INSTALLER/_SPEC_DATA_ONE.big	1	0
OTHER	d7128187fe7be807	_SPEC_DATA_ONE.big	patch/Release/SPECTER_ULTIMATE_INSTALLER/_SPEC_DATA_ONE.big	1	0
FIXED	16339c721169d6de	_SPEC_DATA_ONE.big	patch/Release/SPECTER_ULTIMATE_PATCH_FINAL/_SPEC_DATA_ONE.big	0	1
FIXED	16339c721169d6de	_SPEC_DATA_ONE.big	patch/Release/SPECTER_ULTIMATE_REAL_LAUNCHER/_SPEC_DATA_ONE.big	0	1
OTHER	d7128187fe7be807	_SPEC_DATA_ONE.big	patch/Release/SPECTER_ULTIMATE_WORKING_INSTALLER/_SPEC_DATA_ONE.big	1	0
FIXED	16339c721169d6de	_SPEC_DATA_ONE.big	patch/Release/SPECTER_VIETNAM_CC_FINAL_FIX/_SPEC_DATA_ONE.big	0	1
FIXED	16339c721169d6de	_SPEC_DATA_ONE.REPLACE_WITH_THIS.big	patch/Release/SPECTER_EGYPT_FINAL_FIXED/_SPEC_DATA_ONE.REPLACE_WITH_THIS.big	0	1
BROKEN	5ee7d870b9bdd0b2	_SPEC_DATA_ONE_FIXED.big	patch/Release/SPEC_DATA_ONE_FIXED/_SPEC_DATA_ONE_FIXED.big	1	0
FIXED	16339c721169d6de	_SPECTER_EGYPT_COMMANDCENTER_FIXED.big	patch/Release/SPECTER_EGYPT_COMMANDCENTER_FIXED/_SPECTER_EGYPT_COMMANDCENTER_FIXED.big	0	1
FIXED	16339c721169d6de	_SPECTER_EGYPT_FINAL_FIXED.big	patch/Release/SPECTER_EGYPT_FINAL_FIXED/_SPECTER_EGYPT_FINAL_FIXED.big	0	1
FIXED	16339c721169d6de	_SPECTER_EGYPT_MILITARYHQ_TEST.big	patch/Release/SPECTER_EGYPT_MILITARYHQ_TEST/_SPECTER_EGYPT_MILITARYHQ_TEST.big	0	1
FIXED	16339c721169d6de	_SPECTER_FINAL_COMPLETE.big	patch/Release/SPECTER_FINAL_COMPLETE/_SPECTER_FINAL_COMPLETE.big	0	1
FIXED	16339c721169d6de	_SPECTER_FINAL_COMPLETE_V2.big	patch/Release/SPECTER_FINAL_COMPLETE_V2/_SPECTER_FINAL_COMPLETE_V2.big	0	1
FIXED	16339c721169d6de	_SPECTER_FINAL_REPAIRED.big	patch/Release/SPECTER_FINAL_REPAIRED/_SPECTER_FINAL_REPAIRED.big	0	1
FIXED	16339c721169d6de	_SPECTER_FINAL_TEST_BUILD.big	patch/Release/SPECTER_FINAL_TEST_BUILD/_SPECTER_FINAL_TEST_BUILD.big	0	1
FIXED	16339c721169d6de	_SPECTER_PATCH_FINAL.big	patch/Release/_SPECTER_PATCH_FINAL.big	0	1
FIXED	16339c721169d6de	_SPECTER_PATCH_FINAL.big	patch/Release/SPECTER_EGYPT_CC_USA_CLONE/_SPECTER_PATCH_FINAL.big	0	1
FIXED	16339c721169d6de	_SPECTER_PATCH_FINAL.big	patch/Release/SPECTER_FULL_INI_REPAIR_PASS/_SPECTER_PATCH_FINAL.big	0	1
FIXED	16339c721169d6de	_SPECTER_PATCH_FINAL.big	patch/Release/SPECTER_FULL_PR_AUDIT/_SPECTER_PATCH_FINAL.big	0	1
FIXED	16339c721169d6de	_SPECTER_PATCH_FINAL.big	patch/Release/SPECTER_PATCH_FINAL/_SPECTER_PATCH_FINAL.big	0	1
FIXED	16339c721169d6de	_SPECTER_PATCH_FINAL.big	patch/Release/SPECTER_PATCH_FINAL_BIG/_SPECTER_PATCH_FINAL.big	0	1
FIXED	16339c721169d6de	_SPECTER_PATCH_FINAL_CLEAN.big	patch/Release/SPECTER_PATCH_FINAL_CLEAN/_SPECTER_PATCH_FINAL_CLEAN.big	0	1
FIXED	16339c721169d6de	_SPECTER_PATCH_FINAL_CLEAN.big	patch/Release/SPECTER_PATCH_FINAL_CLEAN_RELEASE/_SPECTER_PATCH_FINAL_CLEAN.big	0	1
FIXED	16339c721169d6de	_SPECTER_PATCH_FINAL_CLEAN_FIXED.big	patch/Release/SPECTER_PATCH_FINAL_CLEAN_FIXED/_SPECTER_PATCH_FINAL_CLEAN_FIXED.big	0	1
FIXED	16339c721169d6de	_SPECTER_PATCH_FINAL_V2.big	patch/Release/SPECTER_PATCH_FINAL_V2/_SPECTER_PATCH_FINAL_V2.big	0	1
FIXED	16339c721169d6de	_SPECTER_ROOT_FIXED_FINAL.big	patch/Release/SPECTER_ROOT_FIXED_FINAL/_SPECTER_ROOT_FIXED_FINAL.big	0	1
FIXED	16339c721169d6de	Specter_Ultimate_Patch.big	patch/Release/SPECTER_ULTIMATE_PATCH_FINAL/Specter_Ultimate_Patch.big	0	1
